<?xml version="1.0" encoding="utf-8" standalone="yes"?>
<addon id="plugin.video.ForkGrotuvas" name="[COLOR FF00FF00]ForkGrotuvas[/COLOR]" version="0.2.2" provider-name="asafemode">
  <requires>
    <import addon="xbmc.python" version="2.1.0"/>
    <import addon="plugin.video.youtube"/>
  </requires>
  <extension point="xbmc.python.pluginsource" provides="video" library="addon.py">
    <provides>video</provides>
  </extension>
  <extension point="xbmc.addon.metadata">
    <summary>ForkGrotuvas</summary>
    <description>
cScVOD ir IPTVGrotuvo fork versija
    </description>
    <platform>all</platform>
  </extension>
</addon>
