<?xml version="1.0" encoding="UTF-8" standalone="yes"?>
<addon id="forkrepository.lit" name="Lithuanian Kodi Addon" version="0.2.0" provider-name="asafemode">
	<extension point="xbmc.addon.repository" name="Lithuanian Kodi Addon">
	<dir>
		<info compressed="false">https://raw.github.com/asafemode/fork-repo/master/new_repo/addons.xml</info>
		<checksum>https://raw.github.com/asafemode/fork-repo/master/new_repo/addons.xml.md5</checksum>
		<datadir zip="true">https://raw.github.com/asafemode/fork-repo/master/new_repo/</datadir>
	</dir>
	</extension>
	<extension point="xbmc.addon.metadata">
		<summary>Install Lithuanian Addon</summary>
		<description>International media resources for XBMC, Kodi</description>
		<platform>all</platform>
	</extension>
</addon>
